,Gene,Fasta
10,ADK,MAAAEEEPKPKKLKVEAPQALRENILFGMGNPLLDISAVVDKDFLDKYSLKPNDQILAEDKHKELFDELVKKFKVEYHAGGSTQNSIKVAQWMIQQPHKAATFFGCIGIDKFGEILKRKAAEAHVDAHYYEQNEQPTGTCAACITGDNRSLIANLAAANCYKKEKHLDLEKNWMLVEKARVCYIAGFFLTVSPESVLKVAHHASENNRIFTLNLSAPFISQFYKESLMKVMPYVDILFGNETEAATFAREQGFETKDIKEIAKKTQALPKMNSKRQRIVIFTQGRDDTIMATESEVTAFAVLDQDQKEIIDTNGAGDAFVGGFLSQLVSDKPLTECIRAGHYAASIIIRRTGCTFPEKPDFH
11,AKT1,MSDVAIVKEGWLHKRGEYIKTWRPRYFLLKNDGTFIGYKERPQDVDQREAPLNNFSVAQCQLMKTERPRPNTFIIRCLQWTTVIERTFHVETPEEREEWTTAIQTVADGLKKQEEEEMDFRSGSPSDNSGAEEMEVSLAKPKHRVTMNEFEYLKLLGKGTFGKVILVKEKATGRYYAMKILKKEVIVAKDEVAHTLTENRVLQNSRHPFLTALKYSFQTHDRLCFVMEYANGGELFFHLSRERVFSEDRARFYGAEIVSALDYLHSEKNVVYRDLKLENLMLDKDGHIKITDFGLCKEGIKDGATMKTFCGTPEYLAPEVLEDNDYGRAVDWWGLGVVMYEMMCGRLPFYNQDHEKLFELILMEEIRFPRTLGPEAKSLLSGLLKKDPKQRLGGGSEDAKEIMQHRFFAGIVWQHVYEKKLSPPFKPQVTSETDTRYFDEEFTAQMITITPPDQDDSMECVDSERRPHFPQFSYSASGTA
12,AKT2,MNEVSVIKEGWLHKRGEYIKTWRPRYFLLKSDGSFIGYKERPEAPDQTLPPLNNFSVAECQLMKTERPRPNTFVIRCLQWTTVIERTFHVDSPDEREEWMRAIQMVANSLKQRAPGEDPMDYKCGSPSDSSTTEEMEVAVSKARAKVTMNDFDYLKLLGKGTFGKVILVREKATGRYYAMKILRKEVIIAKDEVAHTVTESRVLQNTRHPFLTALKYAFQTHDRLCFVMEYANGGELFFHLSRERVFTEERARFYGAEIVSALEYLHSRDVVYRDIKLENLMLDKDGHIKITDFGLCKEGISDGATMKTFCGTPEYLAPEVLEDNDYGRAVDWWGLGVVMYEMMCGRLPFYNQDHERLFELILMEEIRFPRTLSPEAKSLLAGLLKKDPKQRLGGGPSDAKEVMEHRFFLSINWQDVVQKKLLPPFKPQVTSEVDTRYFDDEFTAQSITITPPDRYDSLGLLELDQRTHFPQFSYSASIRE
13,AKT3,MSDVTIVKEGWVQKRGEYIKNWRPRYFLLKTDGSFIGYKEKPQDVDLPYPLNNFSVAKCQLMKTERPKPNTFIIRCLQWTTVIERTFHVDTPEEREEWTEAIQAVADRLQRQEEERMNCSPTSQIDNIGEEEMDASTTHHKRKTMNDFDYLKLLGKGTFGKVILVREKASGKYYAMKILKKEVIIAKDEVAHTLTESRVLKNTRHPFLTSLKYSFQTKDRLCFVMEYVNGGELFFHLSRERVFSEDRTRFYGAEIVSALDYLHSGKIVYRDLKLENLMLDKDGHIKITDFGLCKEGITDAATMKTFCGTPEYLAPEVLEDNDYGRAVDWWGLGVVMYEMMCGRLPFYNQDHEKLFELILMEDIKFPRTLSSDAKSLLSGLLIKDPNKRLGGGPDDAKEIMRHSFFSGVNWQDVYDKKLVPPFKPQVTSETDTRYFDEEFTAQTITITPPEKYDEDGMDCMDNERRPHFPQFSYSASGRE
14,ALK,MGAIGLLWLLPLLLSTAAVGSGMGTGQRAGSPAAGPPLQPREPLSYSRLQRKSLAVDFVVPSLFRVYARDLLLPPSSSELKAGRPEARGSLALDCAPLLRLLGPAPGVSWTAGSPAPAEARTLSRVLKGGSVRKLRRAKQLVLELGEEAILEGCVGPPGEAAVGLLQFNLSELFSWWIRQGEGRLRIRLMPEKKASEVGREGRLSAAIRASQPRLLFQIFGTGHSSLESPTNMPSPSPDYFTWNLTWIMKDSFPFLSHRSRYGLECSFDFPCELEYSPPLHDLRNQSWSWRRIPSEEASQMDLLDGPGAERSKEMPRGSFLLLNTSADSKHTILSPWMRSSSEHCTLAVSVHRHLQPSGRYIAQLLPHNEAAREILLMPTPGKHGWTVLQGRIGRPDNPFRVALEYISSGNRSLSAVDFFALKNCSEGTSPGSKMALQSSFTCWNGTVLQLGQACDFHQDCAQGEDESQMCRKLPVGFYCNFEDGFCGWTQGTLSPHTPQWQVRTLKDARFQDHQDHALLLSTTDVPASESATVTSATFPAPIKSSPCELRMSWLIRGVLRGNVSLVLVENKTGKEQGRMVWHVAAYEGLSLWQWMVLPLLDVSDRFWLQMVAWWGQGSRAIVAFDNISISLDCYLTISGEDKILQNTAPKSRNLFERNPNKELKPGENSPRQTPIFDPTVHWLFTTCGASGPHGPTQAQCNNAYQNSNLSVEVGSEGPLKGIQIWKVPATDTYSISGYGAAGGKGGKNTMMRSHGVSVLGIFNLEKDDMLYILVGQQGEDACPSTNQLIQKVCIGENNVIEEEIRVNRSVHEWAGGGGGGGGATYVFKMKDGVPVPLIIAAGGGGRAYGAKTDTFHPERLENNSSVLGLNGNSGAAGGGGGWNDNTSLLWAGKSLQEGATGGHSCPQAMKKWGWETRGGFGGGGGGCSSGGGGGGYIGGNAASNNDPEMDGEDGVSFISPLGILYTPALKVMEGHGEVNIKHYLNCSHCEVDECHMDPESHKVICFCDHGTVLAEDGVSCIVSPTPEPHLPLSLILSVVTSALVAALVLAFSGIMIVYRRKHQELQAMQMELQSPEYKLSKLRTSTIMTDYNPNYCFAGKTSSISDLKEVPRKNITLIRGLGHGAFGEVYEGQVSGMPNDPSPLQVAVKTLPEVCSEQDELDFLMEALIISKFNHQNIVRCIGVSLQSLPRFILLELMAGGDLKSFLRETRPRPSQPSSLAMLDLLHVARDIACGCQYLEENHFIHRDIAARNCLLTCPGPGRVAKIGDFGMARDIYRASYYRKGGCAMLPVKWMPPEAFMEGIFTSKTDTWSFGVLLWEIFSLGYMPYPSKSNQEVLEFVTSGGRMDPPKNCPGPVYRIMTQCWQHQPEDRPNFAIILERIEYCTQDPDVINTALPIEYGPLVEEEEKVPVRPKDPEGVPPLLVSQQAKREEERSPAAPPPLPTTSSGKAAKKPTAAEISVRVPRGPAVEGGHVNMAFSQSNPPSELHKVHGSRNKPTSLWNPTYGSWFTEKPTKKNNPIAKKEPHDRGNLGLEGSCTVPPNVATGRLPGASLLLEPSSLTANMKEVPLFRLRHFPCGNVNYGYQQQGLPLEAATAPGAGHYEDTILKSKNSMNQPGP
15,ALPK1,MNNQKVVAVLLQECKQVLDQLLLEAPDVSEEDKSEDQRCRALLPSELRTLIQEAKEMKWPFVPEKWQYKQAVGPEDKTNLKDVIGAGLQQLLASLRASILARDCAAAAAIVFLVDRFLYGLDVSGKLLQVAKGLHKLQPATPIAPQVVIRQARISVNSGKLLKAEYILSSLISNNGATGTWLYRNESDKVLVQSVCIQIRGQILQKLGMWYEAAELIWASIVGYLALPQPDKKGLSTSLGILADIFVSMSKNDYEKFKNNPQINLSLLKEFDHHLLSAAEACKLAAAFSAYTPLFVLTAVNIRGTCLLSYSSSNDCPPELKNLHLCEAKEAFEIGLLTKRDDEPVTGKQELHSFVKAAFGLTTVHRRLHGETGTVHAASQLCKEAMGKLYNFSTSSRSQDREALSQEVMSVIAQVKEHLQVQSFSNVDDRSYVPESFECRLDKLILHGQGDFQKILDTYSQHHTSVCEVFESDCGNNKNEQKDAKTGVCITALKTEIKNIDTVSTTQEKPHCQRDTGISSSLMGKNVQRELRRGGRRNWTHSDAFRVSLDQDVETETEPSDYSNGEGAVFNKSLSGSQTSSAWSNLSGFSSSASWEEVNYHVDDRSARKEPGKEHLVDTQCSTALSEELENDREGRAMHSLHSQLHDLSLQEPNNDNLEPSQNQPQQQMPLTPFSPHNTPGIFLAPGAGLLEGAPEGIQEVRNMGPRNTSAHSRPSYRSASWSSDSGRPKNMGTHPSVQKEEAFEIIVEFPETNCDVKDRQGKEQGEEISERGAGPTFKASPSWVDPEGETAESTEDAPLDFHRVLHNSLGNISMLPCSSFTPNWPVQNPDSRKSGGPVAEQGIDPDASTVDEEGQLLDSMDVPCTNGHGSHRLCILRQPPGQRAETPNSSVSGNILFPVLSEDCTTTEEGNQPGNMLNCSQNSSSSSVWWLKSPAFSSGSSEGDSPWSYLNSSGSSWVSLPGKMRKEILEARTLQPDDFEKLLAGVRHDWLFQRLENTGVFKPSQLHRAHSALLLKYSKKSELWTAQETIVYLGDYLTVKKKGRQRNAFWVHHLHQEEILGRYVGKDYKEQKGLWHHFTDVERQMTAQHYVTEFNKRLYEQNIPTQIFYIPSTILLILEDKTIKGCISVEPYILGEFVKLSNNTKVVKTEYKATEYGLAYGHFSYEFSNHRDVVVDLQGWVTGNGKGLIYLTDPQIHSVDQKVFTTNFGKRGIFYFFNNQHVECNEICHRLSLTRPSMEKPCT
16,ALPK3,MEVAWLVYVLGQQPLARQGEGQSRLVPGRGLVLWLPGLPRSSPSWPAVDLAPLAPARPRGPLICHTGHEQAGREPGPGSSTKGPVLHDQDTRCAFLPRPPGPLQTRRYCRHQGRQGSGLGAGPGAGTWAPAPPGVSKPRCPGRARPGEGQQQVTTARPPAINRGARQPRAGAAAAGRGPGAGAWRTGEAAASAGPAVGEGGAMGSRRAPSRGWGAGGRSGAGGDGEDDGPVWIPSPASRSYLLSVRPETSLSSNRLSHPSSGRSTFCSIIAQLTEETQPLFETTLKSRSVSEDSDVRFTCIVTGYPEPEVTWYKDDTELDRYCGLPKYEITHQGNRHTLQLYRCREEDAAIYQASAQNSKGIVSCSGVLEVGTMTEYKIHQRWFAKLKRKAAAKLREIEQSWKHEKAVPGEVDTLRKLSPDRFQRKRRLSGAQAPGPSVPTREPEGGTLAAWQEGETETAQHSGLGLINSFASGEVTTNGEAAPENGEDGEHGLLTYICDAMELGPQRALKEESGAKKKKKDEESKQGLRKPELEKAAQSRRSSENCIPSSDEPDSCGTQGPVGVEQVQTQPRGRAARGPGSSGTDSTRKPASAVGTPDKAQKAPGPGPGQEVYFSLKDMYLENTQAVRPLGEEGPQTLSVRAPGESPKGKAPLRARSEGVPGAPGQPTHSLTPQPTRPFNRKRFAPPKPKGEATTDSKPISSLSQAPECGAQSLGKAPPQASVQVPTPPARRRHGTRDSTLQGQAGHRTPGEVLECQTTTAPTMSASSSSDVASIGVSTSGSQGIIEPMDMETQEDGRTSANQRTGSKKNVQADGKIQVDGRTRGDGTQTAQRTRADRKTQVDAGTQESKRPQSDRSAQKGMMTQGRAETQLETTQAGEKIQEDRKAQADKGTQEDRRMQGEKGMQGEKGTQSEGSAPTAMEGQSEQEVATSLGPPSRTPKLPPTAGPRAPLNIECFVQTPEGSCFPKKPGCLPRSEEAVVTASRNHEQTVLGPLSGNLMLPAQPPHEGSVEQVGGERCRGPQSSGPVEAKQEDSPFQCPKEERPGGVPCMDQGGCPLAGLSQEVPTMPSLPGTGLTASPKAGPCSTPTSQHGSTATFLPSEDQVLMSSAPTLHLGLGTPTQSHPPETMATSSEGACAQVPDVEGRTPGPRSCDPGLIDSLKNYLLLLLKLSSTETSGAGGESQVGAATGGLVPSATLTPTVEVAGLSPRTSRRILERVENNHLVQSAQTLLLSPCTSRRLTGLLDREVQAGRQALAAARGSWGPGPSSLTVPAIVVDEEDPGLASEGASEGEGEVSPEGPGLLGASQESSMAGRLGEAGGQAAPGQGPSAESIAQEPSQEEKFPGEALTGLPAATPEELALGARRKRFLPKVRAAGDGEATTPEERESPTVSPRGPRKSLVPGSPGTPGRERRSPTQGRKASMLEVPRAEEELAAGDLGPSPKAGGLDTEVALDEGKQETLAKPRKAKDLLKAPQVIRKIRVEQFPDASGSLKLWCQFFNILSDSVLTWAKDQRPVGEVGRSAGDEGPAALAIVQASPVDCGVYRCTIHNEHGSASTDFCLSPEVLSGFISREEGEVGEEIEMTPMVFAKGLADSGCWGDKLFGRLVSEELRGGGYGCGLRKASQAKVIYGLEPIFESGRTCIIKVSSLLVFGPSSETSLVGRNYDVTIQGCKIQNMSREYCKIFAAEARAAPGFGEVPEIIPLYLIYRPANNIPYATLEEDLGKPLESYCSREWGCAEAPTASGSSEAMQKCQTFQHWLYQWTNGSFLVTDLAGVDWKMTDVQIATKLRGYQGLKESCFPALLDRFASSHQCNAYCELLGLTPLKGPEAAHPQAKAKGSKSPSAGRKGSQLSPQPQKKGLPSPQGTRKSAPSSKATPQASEPVTTQLLGQPPTQEEGSKAQGMR
17,AMHR2,MLGSLGLWALLPTAVEAPPNRRTCVFFEAPGVRGSTKTLGELLDTGTELPRAIRCLYSRCCFGIWNLTQDRAQVEMQGCRDSDEPGCESLHCDPSPRAHPSPGSTLFTCSCGTDFCNANYSHLPPPGSPGTPGSQGPQAAPGESIWMALVLLGLFLLLLLLLGSIILALLQRKNYRVRGEPVPEPRPDSGRDWSVELQELPELCFSQVIREGGHAVVWAGQLQGKLVAIKAFPPRSVAQFQAERALYELPGLQHDHIVRFITASRGGPGRLLSGPLLVLELHPKGSLCHYLTQYTSDWGSSLRMALSLAQGLAFLHEERWQNGQYKPGIAHRDLSSQNVLIREDGSCAIGDLGLALVLPGLTQPPAWTPTQPQGPAAIMEAGTQRYMAPELLDKTLDLQDWGMALRRADIYSLALLLWEILSRCPDLRPDSSPPPFQLAYEAELGNTPTSDELWALAVQERRRPYIPSTWRCFATDPDGLRELLEDCWDADPEARLTAECVQQRLAALAHPQESHPFPESCPRGCPPLCPEDCTSIPAPTILPCRPQRSACHFSVQQGPCSRNPQPACTLSPV
18,ANKK1,MAADPTELRLGSLPVFTRDDFEGDWRLVASGGFSQVFQARHRRWRTEYAIKCAPCLPPDAASSDVNYLIEEAAKMKKIKFQHIVSIYGVCKQPLGIVMEFMANGSLEKVLSTHSLCWKLRFRIIHETSLAMNFLHSIKPPLLHLDLKPGNILLDSNMHVKISDFGLSKWMEQSTRMQYIERSALRGMLSYIPPEMFLESNKAPGPKYDVYSFAIVIWELLTQKKPYSGFNMMMIIIRVAAGMRPSLQPVSDQWPSEAQQMVDLMKRCWDQDPKKRPCFLDITIETDILLSLLQSRVAVPESKALARKVSCKLSLRQPGEVNEDISQELMDSDSGNYLKRALQLSDRKNLVPRDEELCIYENKVTPLHFLVAQGSVEQVRLLLAHEVDVDCQTASGYTPLLIAAQDQQPDLCALLLAHGADANRVDEDGWAPLHFAAQNGDDGTARLLLDHGACVDAQEREGWTPLHLAAQNNFENVARLLVSRQADPNLHEAEGKTPLHVAAYFGHVSLVKLLTSQGAELDAQQRNLRTPLHLAVERGKVRAIQHLLKSGAVPDALDQSGYGPLHTAAARGKYLICKMLLRYGASLELPTHQGWTPLHLAAYKGHLEIIHLLAESHANMGALGAVNWTPLHLAARHGEEAVVSALLQCGADPNAAEQSGWTPLHLAVQRSTFLSVINLLEHHANVHARNKVGWTPAHLAALKGNTAILKVLVEAGAQLDVQDGVSCTPLQLALRSRKQGIMSFLEGKEPSVATLGGSKPGAEMEI
19,ARAF,MEPPRGPPANGAEPSRAVGTVKVYLPNKQRTVVTVRDGMSVYDSLDKALKVRGLNQDCCVVYRLIKGRKTVTAWDTAIAPLDGEELIVEVLEDVPLTMHNFVRKTFFSLAFCDFCLKFLFHGFRCQTCGYKFHQHCSSKVPTVCVDMSTNRQQFYHSVQDLSGGSRQHEAPSNRPLNELLTPQGPSPRTQHCDPEHFPFPAPANAPLQRIRSTSTPNVHMVSTTAPMDSNLIQLTGQSFSTDAAGSRGGSDGTPRGSPSPASVSSGRKSPHSKSPAEQRERKSLADDKKKVKNLGYRDSGYYWEVPPSEVQLLKRIGTGSFGTVFRGRWHGDVAVKVLKVSQPTAEQAQAFKNEMQVLRKTRHVNILLFMGFMTRPGFAIITQWCEGSSLYHHLHVADTRFDMVQLIDVARQTAQGMDYLHAKNIIHRDLKSNNIFLHEGLTVKIGDFGLATVKTRWSGAQPLEQPSGSVLWMAAEVIRMQDPNPYSFQSDVYAYGVVLYELMTGSLPYSHIGCRDQIIFMVGRGYLSPDLSKISSNCPKAMRRLLSDCLKFQREERPLFPQILATIELLQRSLPKIERSASEPSLHRTQADELPACLLSAARLVP